State|Region|Banner|Description|Link
NSW|Sydney|https://res.cloudinary.com/dkowfxwpp/image/upload/v1580643757/wwia/region%20banners/sydney_teebdw.jpg|Australia's largest capital city, Sydney is a whirlwind of culture, art, food, wine, adventure and fun. With a world-renowned restaurant scene and game-changing culinary exploration, you'll find exactly what you're looking for in Sydney!|
NSW|Blue Mountains||Home to some of the country’s most dazzling natural attractions and charming country villages, the Blue Mountains are world famous. Discover lookouts with sensational views over million-year-old valleys, go beneath the ground at Jenolan Caves, hike or bike through lush rainforest, and take a heart-stopping ride at Scenic World.|
NSW|Capital Country||Country NSW has plenty to keep you entertained – from nation-making heritage sites and charming towns to cultural attractions, world-class food and wine regions, and walking trails that wind through World Heritage wilderness. It is also home to many sites that are of great significance for indigenous Australians.|
NSW|Central Coast||Beautiful beaches meet pristine national parks and pretty waterways on the NSW Central Coast, just north of Sydney. Explore the area's natural treasures on outdoor adventures, meet native animals at popular wildlife sanctuaries, sample local food and wine, and discover a thriving arts scene.|
NSW|Central NSW||Tucked behind the Blue Mountains and just 2.5 hours from Sydney, Central NSW is a place that’s easy to find, yet full of experiences you’ll want to lose yourself in. Packed with gastronomic delights, magnificent landscapes and a rich cultural heritage, this part of NSW almost seems custom-made for those travellers looking for a genuine, high quality escape close to the bright lights of the big city|
NSW|Hunter|https://res.cloudinary.com/dkowfxwpp/image/upload/v1580643736/wwia/region%20banners/hunter_valley_xb7ghq.jpg|From wine tasting in Australia’s oldest wine region to bushwalking in World Heritage wilderness, the Hunter is an appeal like no other. Producing exceptional wines, the region also thrives with acclaimed restaurants, festivals, beautiful heritage and ancient rainforests.|
NSW|New England North West||Whether you’re a foodie in search of gourmet fare or a nature lover looking for a pristine Australian bush escape far from the crowds, the New England High Country of NSW has something for you. While some flock to the region in for its world-famous country music festival, there’s also lot more to offer such as national parks, dams and waterfalls and picturesque towns. This region is also rich in history and heritage.|
NSW|North Coast NSW|https://res.cloudinary.com/dkowfxwpp/image/upload/v1580643756/wwia/region%20banners/nsw_north_coast_zzmcg2.jpg|Discover the stunning beauty, native animals, excellent fishing and surfing heritage that make the North Coast of NSW one of the world’s top holiday destinations. Spend endless days on uncrowded beaches, swim with dolphins, indulge in incredible food and wine, explore pristine volcanic hinterland and hike through ancient rainforest.|
NSW|Outback NSW||Discover ancient landscapes, unique rock formations and rich Aboriginal culture in Outback NSW. Road trip through historic paddle-steamer towns, explore stunning national parks and camp under the stars. The vast and ruggedly handsome Outback is home to many epic and memorable experiences.|
NSW|Riverina||Home to the Murrumbidgee River and its waterways, winding its way through an amazing array of food trails, natural wonders and charming towns just waiting to be explored. It’s an escape that’s a world away from the everyday ‒ the perfect place to relax, reconnect and enjoy at your own pace.|
NSW|Snowy Mountains||Although the ‘Snowies’ are famous for alpine peaks with winter snow adventures and activities; it’s not just about the snow. In the spring, summer and autumn months this remarkable region has so much to see and do, with the towns and their people just the start.|
NSW|South Coast||Breathtaking beaches, freshly shucked oysters, curious seals, laid-back coastal towns and world-famous surf breaks await you on the NSW South Coast. Stretching from Wollongong in the north to the Sapphire Coast in the south, it’s one of Australia’s favourite holiday destinations and the perfect place to unplug from the world.|
NSW|The Murray|https://res.cloudinary.com/dkowfxwpp/image/upload/v1580643771/wwia/region%20banners/the_murray_ffm5r7.jpg|The mighty Murray is a river that divides Victoria and New South Wales, and continues into South Australia before finding it's way into the Indian Ocean. The Murray serves as the backdrop to countless music festivals, bars and restaurants. If city living isn't your cup of tea, then the Murray Darling region is for you. With hundreds of restaurants dotted throughout the region, you'll find yourself in a place|
VIC|Melbourne|https://res.cloudinary.com/dkowfxwpp/image/upload/v1580643722/wwia/region%20banners/greater_melbourne_jmn16p.jpg|Discover the distinctive flavours, sights and passions of Melbourne's favourite neighbourhoods. Spend time in the city centre and you'll discover pockets of busy, chilled, bohemian, architectural and accidentally cool spaces to explore. Or just a tram ride away, each of Melbourne's city fringe neighbourhoods express themselves differently.|
VIC|Ballarat|https://res.cloudinary.com/dkowfxwpp/image/upload/v1580643754/wwia/region%20banners/goldfields_ne0hru.jpg|(Goldfields) When gold was discovered in Victoria over 150 years ago it left a rich and lasting legacy in almost every town in the Goldfields. Today you can enjoy the majestic Victorian streetscapes of thriving regional cities Bendigo and Ballarat or explore delightful villages such as Maldon, Castlemaine, Heathcote and Dunolly.|
VIC|Bendigo Loddon||Experience the wonderful contrasts of Bendigo as you explore its vibrant arts hub and flourishing food and wine scene set against its rich history, grand architecture and magnificent gardens. Sample stunning contemporary cuisine in historic buildings, admire modern art in venues new and old, and explore the city's fascinating history at museums, gardens and galleries.|
VIC|Central Highlands||Make your way to the foothills of the Grampians and discover the vibrant town of Ararat surrounded by inspiring natural attractions, rolling plains and wineries. From the Grampians and Pyrenees wine regions and vast Grampians National Park to Mount Langi Ghiran and Mount Cole, the Central Highlands region is a wonderland for nature lovers, foodies and adventurers alike.|
VIC|Central Murray|https://res.cloudinary.com/dkowfxwpp/image/upload/v1580643771/wwia/the_murray_ffm5r7.jpg|Australia's longest river and the lifeblood of Victoria's food bowl. Discover historic towns, vivid natural landscapes and a whole host of outdoor activities. Feel re-energised by the endless sunshine, hear stories of the early pioneers, and savour the bountiful produce and renowned regional wines.|
VIC|Geelong and the Bellarine|https://res.cloudinary.com/dkowfxwpp/image/upload/v1580643734/wwia/region%20banners/great_ocean_road_metp89.jpg|Discover beautiful beaches, award-winning wineries, a fascinating heritage along with an enormous range of recreational opportunities from fishing and golfing to diving and surfing or take in the colourful and lively ambience of bayside Geelong, Victoria's second largest city.|
VIC|Gippsland|https://res.cloudinary.com/dkowfxwpp/image/upload/v1580643715/wwia/region%20banners/gippsland_ohbigm.jpg|Occupying the vast eastern corner of Victoria, and be rewarded with natural landscapes of unparalleled beauty. Take your pick from distinct regional pockets and break up your journey with visits to quaint seaside villages, alpine towns and farming communities.|
VIC|Goulburn||Home to the sprawling Goulburn Valley wine region, an area stretching from Seymour in central Victoria right up to Echuca on the Murray River. As well as vineyards, prolific orchards grow apples, pears, peaches and other stone fruits.|
VIC|High Country|https://res.cloudinary.com/dkowfxwpp/image/upload/v1580643768/wwia/region%20banners/the_high_country_udwzpb.jpg|Stunning mountains, valleys, rivers and lakes make Victoria’s High County the perfect place for adventure and relaxation, year-round. Hit the slopes in winter, and return in the warmer months for inspired bushwalking and cycling action, from dizzying mountain bike challenges to meandering rail trails. Recharge at renowned restaurants and wineries, discover the vibrant craft brewery scene, or fill your basket at provedores and farm gates, all brimming with local delights.|
VIC|Lakes||Unwind in pretty costal towns, blessed with Victoria's warmest winter temperatures and cool ocean breezes in summer. Discover the coast, explore the inlets and cliffs or experience diverse landscapes in Croajingolong National Park, from pure white sandy beaches to granite peaks and heathland.|
VIC|Macedon|https://res.cloudinary.com/dkowfxwpp/image/upload/v1580643716/wwia/region%20banners/daylesford_macedon_llzfkj.jpg|Restore the balance and find a new sense of wellbeing within Daylesford and the Macedon Ranges region. Rest and rejuvenate in spas and natural mineral springs, stroll through historic gardens and quaint villages, and uncover a region brimming with history, art and creativity.|
VIC|Mallee||Bordering the Murray River along one side and and perched on the edge of the wild Australian outback on another, Mallee boasts a Mediterranean-style sunshine and a laid-back outdoor lifestyle. Discover vibrant communities on the border between Victoria and New South Wales, tuck into fine food and wine, make the most of endless opportunities for boating, fishing and golf or venture out into the ancient landscapes of Mungo National Park.|
VIC|Melbourne East|||
VIC|Murray East|https://res.cloudinary.com/dkowfxwpp/image/upload/v1580643771/wwia/region%20banners/the_murray_ffm5r7.jpg|Mixing heritage with modern culture, the Murray East region blends country pace and city lifestyle with its offerings of historical buildings, cultural events, vibrant shopping precincts and tree-lined gardens. Albury-Wodonga straddles the state line that separates Victoria and New South Wales, and is united by the Murray River that winds its way between the two cities.|
VIC|Mornington Peninsula|https://res.cloudinary.com/dkowfxwpp/image/upload/v1580643744/wwia/region%20banners/mornington_peninsula_fs6bag.jpg|Be dazzled by the vibrant coastal villages and charming hinterland hamlets of the Mornington Peninsula, full of boutique wineries and acclaimed restaurants, art galleries, manicured gardens, geothermal springs and renowned golf courses.|
VIC|Phillip Island|https://res.cloudinary.com/dkowfxwpp/image/upload/v1580643754/wwia/region%20banners/phillip_island_ueej6j.jpg|Discover seaside hamlets and fishing villages, iconic wildlife, stunning coastal landscapes, and international motorsport events. Get up close to little penguins on the beach, come face-to-face with snoozing koalas, and cheer on Grand Prix heroes as you savour every inch of Phillip Island, less than two hours from Melbourne.|
VIC|Spa Country||Restore the balance and find a new sense of wellbeing within Daylesford and Spa Country region. Rest and rejuvenate in spas and natural mineral springs, stroll through historic gardens and quaint villages, and uncover a region brimming with history, art and creativity.|
VIC|Yarra Valley|https://res.cloudinary.com/dkowfxwpp/image/upload/v1580643775/wwia/region%20banners/yarra_valley_hhk1ob.jpg|(Upper Yarra) Indulge the connoisseur within or spark a new passion for sophisticated food and wine experiences amid the Yarra Valley's oases of vine-strung hills and rolling farmland or wander into a world of whimsy in the Dandenong Ranges' eclectic shops, ancient forests, abundant wildlife, and hidden retreats.|
VIC|Great Ocean Road||See the towering 12 Apostles, get up close to native wildlife, and take in iconic surf breaks, pristine rainforest and misty waterfalls along the spectacular Great Ocean Road. Get outdoors on bushwalking, surfing and mountain biking expeditions or take the cultural route through galleries, museums and heritage attractions.|
VIC|Western Grampians|https://res.cloudinary.com/dkowfxwpp/image/upload/v1580643782/wwia/region%20banners/the_grampians_ojkaom.jpg|Find some of Victoria's most stunning landscapes, along with fascinating history, sublime food and wine and buzzing regional centres in the Grampians region.|
VIC|Wimmera||Centered on an impressive system of lakes, the Wimmera region offers outdoor enthusiasts an abundance of wildlife, majestic River Red Gums, ancient Buloke trees amid rolling sand plain, and the distinctive mallee for which this region is renowned. Camping, caravanning, fishing, boating, swimming and walking are popular.|
SA|Adelaide|https://res.cloudinary.com/dkowfxwpp/image/upload/v1580643707/wwia/region%20banners/adelaide_uzreqi.jpg|Adelaide is the gateway to some of Australia’s best wine country and home to some of Australia's best restaurants, hotels, wines, gin and beaches, Adelaide punches well above its weight when it comes to dishing up the best but don't take our word for it; you be the judge.|
SA|Adelaide Hills||Within an hours drive of Adelaide city, the Adelaide Hills are home to some of South Australia’s best food, wine and scenery; and it’s all so easy to access.|
SA|Barossa|https://res.cloudinary.com/dkowfxwpp/image/upload/v1580643705/wwia/region%20banners/barossa_valley_x0vejh.jpg|Just a 50 minute drive north east of Adelaide, the Barossa is an internationally-acclaimed wine region with over 80 cellar doors open to the public.|
SA|Clare Valley||One of Australia’s oldest wine regions, with its unique mix of gourmet food, boutique wine experiences, breathtaking scenery, including the iconic Riesling Trail and rich heritage, the Clare Valley is full of delight.|
SA|Eyre Peninsula||Eyre Peninsula is not only Australia’s Seafood Frontier – it’s truly one of nature’s wonderful playgrounds, with a unique combination of wildlife, landscapes, outback adventures, fishing and seafood.|
SA|Fleurieu Peninsula||On Adelaide's southern doorstep, the Fleurieu Peninsula offers a mellow Mediterranean ambiance. You'll find dozens of white sand beaches, undulating vineyards and farmland, pretty coastal towns near the entrance to Australia's longest river, and world renowned wetlands.|
SA|Limestone Coast||The Limestone Coast is home to some of South Australia’s most spectacular natural wonders. From the Blue Lake in the heart of Mount Gambier to the underground oasis of Umpherston Sinkhole, through glamping under a blanket full of stars – there’s something for everyone!|
SA|Murray River, Lakes and Coorong||The Murray River, Lakes and Coorong region embodies natural beauty and boasts a wealth of native produce, breathtaking scenery and Australian wildlife.|
SA|Riverland||Clock on to river time: a relaxed pace of living where the days stretch before you. Stunning conservation parks, a thriving fruit industry and the beautiful Murray make the Riverland a great spot, but we’ll let you be the judge.|
SA|Yorke Peninsula||There's so much to see and do along the whopping 700 kilometres of pristine coast on the Yorke Peninsula. Spend your days lounging on sandy-white shores and cooling off at one of the local breweries.|
SA|Flinders Ranges and Outback||Be surrounded by ancient mountain ranges, spectacular gorges and sheltered creeks only five hours drive from Adelaide.|
SA|Kangaroo Island||Follow the road less travelled and discover unique wildlife, mouth-watering food and wine, breathtaking scenery and a laid-back lifestyle. |
QLD|Brisbane|https://res.cloudinary.com/dkowfxwpp/image/upload/v1580643717/wwia/region%20banners/brisbane_wemqit.jpg|Blessed with sunny days and plenty of action, Brisbane is one of the fastest growing capital cities in the world but its uncomplicated, laidback and fun-loving.|
QLD|Bundaberg||Country charm meets coastal cool in ‘Bundy’, where it’s not unusual to feast on fresh farm-gate fare, dive the Southern Great Barrier Reef and watch baby turtles hatch all in one day.|
QLD|Southern Queensland Country||(Including Darling Downs) Crisp winter air, knee-deep autumn leaves, clear summer days and a riot of colour in spring; nowhere else in Queensland will you experience all four seasons as distinctively as right here.|
QLD|Fraser Coast||With World Heritage-listed K’gari (Fraser Island), the world’s first Whale Heritage Site, adventure playgrounds, safe beaches and marvellous heritage at our fingertips – it’s no surprise why visitors rate the Fraser Coast as one of the best holiday breaks on the Queensland coast.|
QLD|Gold Coast|https://res.cloudinary.com/dkowfxwpp/image/upload/v1580643712/wwia/region%20banners/gold_coast_pftzh1.jpg|The attractions of the Gold Coast bring smiles to people of all ages and stages. With exhilarating rides, exotic animals and endless waterslides to help you cool off on hot summer days, the Gold Coast offers a full spectrum of interactive entertainment!|
QLD|Mackay||Secluded islands, golden sands and lush sub-tropical rainforests all meet in Mackay, where life is sweet.|
QLD|Townsville||It’s pretty hard to be unhappy when the sun is shining. And with an average of 320 days of sunshine per year, Northern Queensland has cause to celebrate.|
QLD|Outback Queensland||It’s big, it’s diverse and it’s welcoming, with local characters ready to have a yarn, crack a cold one and show you what the outback spirit is all about.|
QLD|Sunshine Coast||Stretching from the coastal city of Caloundra, near Brisbane, to the Great Sandy National Park in the north, the Sunshine Coast is home to pretty villages, renowned surf spots and spectacular rural hinterland.|
QLD|Tropical North Queensland||Tropical North Queensland fits in more untouched beauty, ancient culture and adventure within its borders than some entire countries manage to do, with the World Heritage List double-act of the Great Barrier Reef and Daintree Rainforest its most prized stars.|
QLD|Whitsundays||There are islands, and then there are the 74 islands of the Whitsundays, sitting pretty in the heart of the Great Barrier Reef. Oh, and did we mention one of the world’s best beaches – Whitehaven Beach – is here too?|
QLD|Capricorn||The place where cowboy culture meets the coastal lifestyle, a wonderful slice of Queensland that’s unlike anywhere else. The region covers a short length of coast lined with white-sand beaches and stretches inland through the rural centre of Rockhampton.|
QLD|Gladstone||Beginning approximately 450 kilometres north of Brisbane, it’s the gateway to the Southern Great Barrier Reef. The region contains some incredible natural wonders including Heron Island but it’s not just all about the coast and islands! To the Southwest you’ll find the spectacular Boyne Valley and Sandstone Wilderness. This area is abound with opportunities for intrepid travellers to explore the spectacular hinterlands or enjoy a genuine farm stay experience.|
WA|Perth|https://res.cloudinary.com/dkowfxwpp/image/upload/v1580643757/wwia/region%20banners/perth_surrounds_kxywzw.jpg|Nature and urban life exist in harmony in Perth, on Australia's west coast. Here, where the locals soak up more sunny days than in any other Australian capital city, you can visit nearby Rottnest Island, walk in leafy Kings Park and experience Swan Valley's vineyards, Aboriginal art, food and history.|
WA|Australia's Golden Outback||Covering 54 per cent of Western Australia, the region stretches from the rugged red earth of Mt Augustus and Kennedy Ranges in the north  to the sweeping snow-white beaches of Esperance and the South Coast. A dazzling display of outback plains, huge deserts and salt lakes, rugged rocky outcrops, wild woodland and some of the whitest beaches in the world.|
WA|Australia's North West||The Kimberley and Pilbara are like nowhere else on Earth – special, soulful places that stop you in your tracks and forge a reconnection with yourself and the land. Feel the remarkable power of nature in its two and a half billion-year-old gorges and 350 million-year-old ranges, in its surging tides, horizontal waterfalls and staircase to the moon.|
WA|Australia's South West|https://res.cloudinary.com/dkowfxwpp/image/upload/v1580643734/wwia/region%20banners/margaret_river_southwest_ljcref.jpg|With 24 national parks, there’s plenty of nature and wildlife to see and meet, while rich soils and fertile land provide foodies with the best in fresh produce and gourmet experiences. Feast on the spoils of nature’s pantry, taste world-class drops, spot the biggest and smallest animals on earth or surf the perfect wave.|
WA|Australia's Coral Coast||Stretching along 1,100km of breathtaking coastline from Cervantes, two hours north of Perth, Western Australia, to the World Heritage-listed Ningaloo Reef, Australia's Coral Coast is home to stunning bays, fascinating wildlife and rugged landscapes.|
TAS|Hobart and the South|https://res.cloudinary.com/dkowfxwpp/image/upload/v1580643741/wwia/region%20banners/hobart_and_the_south_kqlwgg.jpg|Art, heritage, wilderness, waterways and wildlife are all here in Tasmania's south. Hobart, Tasmania's capital city, offers a blend of heritage and lifestyle with world class activities and attractions nearby.|
TAS|East Coast||Tasmania's east coast, with its natural beauty, spectacular landscapes and long beautiful beaches, offers a completely different Australian coastal experience.  Here you'll discover the beaches of the beautiful Bay of Fires, historic  townships, fresh seafood and friendly locals - all on one of the best scenic coastal drives in the country.|
TAS|Launceston and the North|https://res.cloudinary.com/dkowfxwpp/image/upload/v1580643749/wwia/region%20banners/launceston_and_the_north_idbg7e.jpg|Tasmania's north is a feast of historic streetscapes and heritage estates, rich farmland, premier cool-climate wines, fresh produce and a haven for designers and craft makers eager to talk about their work.|
TAS|North West||Full of colour and flavour, Tasmania's north-west is the gateway to some of Tasmania's most beautiful natural places. Exploring the north-west you'll find classic coastal drives, food trails, stunning national parks and beautiful nature reserves.|
TAS|West Coast||(Wilderness West) The gateway to Tasmania's Wilderness World Heritage Area, its rugged mountains, ancient rain forests and heath make Tasmania's west one of Australia's last true wilderness frontiers. Despite its remoteness, it's easy and safe to visit and travellers can still enjoy the best of Tasmania.|
NT|Darwin|https://res.cloudinary.com/dkowfxwpp/image/upload/v1580643706/wwia/region%20banners/darwin_dirruw.jpg|As the Northern Territory’s thriving capital, Darwin attracts travellers from all around the globe looking to experience its outdoor tropical lifestyle.|
NT|Barkly||Take a trip to the real Australia, a vast land of brilliant blue skies and boundless horizons broken by kangaroos darting across the highway, remote pubs, ancient rock art and outback characters.|
NT|Alice Springs|https://res.cloudinary.com/dkowfxwpp/image/upload/v1580643721/wwia/region%20banners/alice_springs_vv8hsx.jpg|It’s the headquarters of the outback. Nestled between the East and West MacDonnell Ranges, ‘Alice’ is famous for its beautiful desert landscapes, colourful outback characters, opportunities for adventure and a strong Aboriginal culture.|
NT|Litchfield Kakadu Arnhem||Arnhem Land is one of the Top End's most spectacular natural destinations. Beautiful scenery, rugged coastlines, remote islands, rivers teeming with fish, rainforest, towering escarpments and savannah woodland. Cascading waterfalls, rugged escarpments, aboriginal rock art, giant crocodiles and exotic bird life. Kakadu National Park will change how you see the world.|
NT|Katherine Daly||Where the Outback meets the tropics. Discover a region full of gorges and misty waterfalls, thermal springs and ancient cultures.|
NT|Lasseter||Get ready to be blown away by World Heritage-listed natural wonders, iconic wildlife and the red dirt of the Australian Outback. The Uluru region is home to two of Australia's most famous rock formations, a mighty canyon and an ancient indigenous culture rich in story, dance and art.|
NT|MacDonnell||The East and West MacDonnell Ranges stretch out for hundreds of kilometres on both sides of Alice Springs. The area is rich in cultural and an adventure playground with hiking trails, four-wheel drive tracks, swimming holes, and camping spots but they differ in subtle ways – the East MacDonnell’s have more rock art but less permanent water, more history but fewer people.|
ACT|Canberra|https://res.cloudinary.com/dkowfxwpp/image/upload/v1580643701/wwia/region%20banners/canberra_and_surrounds_oced83.jpg|The Australian Capital Territory is located between Sydney and Melbourne, and homes Australia's capital city, Canberra. Built in the early 20th century, Canberra has rapidly evolved into one of Australia's premiere dining and adventure destinations. Surrounded by remarkable nature reserves and forests, you'll find yourself falling for Canberra faster than you thought possible!|https://visitcanberra.com.au/